Date,Open,High,Low,Close,Change(Pips),Change(%)
08/30/2024 20:45,2502.56,2503.39,2502.22,2502.98,42,0.02
08/30/2024 20:30,2502.37,2502.67,2501.2,2502.32,-5,0
08/30/2024 20:15,2502.07,2502.69,2502,2502.69,62,0.02
08/30/2024 20:00,2502.57,2502.89,2501.84,2501.87,-70,-0.03
08/30/2024 19:45,2501.79,2503.69,2501.2,2502.59,80,0.03
08/30/2024 19:30,2501.75,2502.15,2500.25,2501.75,0,0
08/30/2024 19:15,2499.19,2501.82,2498.24,2501.35,216,0.09
08/30/2024 19:00,2502.15,2502.15,2498.2,2498.6,-355,-0.14
08/30/2024 18:45,2502.99,2503.4,2501.4,2502.25,-74,-0.03
08/30/2024 18:30,2503.22,2504.49,2501.91,2502.75,-47,-0.02
08/30/2024 18:15,2501.88,2503.8,2500.7,2503.43,155,0.06
08/30/2024 18:00,2499.79,2502.51,2499.53,2501.79,200,0.08
08/30/2024 17:45,2497.77,2500.33,2497.77,2499.8,203,0.08
08/30/2024 17:30,2495.88,2498.25,2494.93,2498.23,235,0.09
08/30/2024 17:15,2498.67,2498.67,2494.79,2495.05,-362,-0.15
08/30/2024 17:00,2497.35,2499.23,2496.2,2496.98,-37,-0.01
08/30/2024 16:45,2498.15,2500.92,2497.04,2497.52,-63,-0.03
08/30/2024 16:30,2502.41,2503.17,2496.72,2497.68,-473,-0.19
08/30/2024 16:15,2505,2505.59,2500.99,2501.42,-358,-0.14
08/30/2024 16:00,2502.05,2504.24,2501.15,2503.19,114,0.05
08/30/2024 15:45,2505,2505.38,2500.41,2502.96,-204,-0.08
08/30/2024 15:30,2504.25,2506.36,2502.36,2504.38,13,0.01
08/30/2024 15:15,2506.46,2506.88,2504.11,2504.75,-171,-0.07
08/30/2024 15:00,2508.22,2509.21,2503.72,2503.84,-438,-0.17
08/30/2024 14:45,2511.45,2513.83,2508.73,2510.2,-125,-0.05
08/30/2024 14:30,2509.66,2511.57,2507.23,2510.65,99,0.04
08/30/2024 14:15,2517.02,2517.02,2510.62,2510.62,-640,-0.25
08/30/2024 14:00,2516.24,2518.16,2512.99,2517.04,80,0.03
08/30/2024 13:45,2518.34,2518.54,2515.03,2515.9,-244,-0.1
08/30/2024 13:30,2514.9,2518.54,2513.17,2518.54,364,0.14
08/30/2024 13:15,2514.87,2517.56,2513.65,2515.87,100,0.04
08/30/2024 13:00,2519.09,2519.52,2514.54,2515.23,-386,-0.15
08/30/2024 12:45,2517.34,2520.15,2516.42,2519.46,212,0.08
08/30/2024 12:30,2522.81,2524.12,2517.38,2517.38,-543,-0.22
08/30/2024 12:15,2521.08,2524.6,2520.8,2523.69,261,0.1
08/30/2024 12:00,2519.42,2521.46,2518.34,2521.46,204,0.08
08/30/2024 11:45,2519.98,2520.3,2518.4,2519.7,-28,-0.01
08/30/2024 11:30,2521.02,2521.33,2519.4,2519.99,-103,-0.04
08/30/2024 11:15,2519.66,2521.31,2519.17,2521.03,137,0.05
08/30/2024 11:00,2515.2,2519.75,2514.95,2519.75,455,0.18
08/30/2024 10:45,2518.05,2518.05,2515.71,2515.71,-234,-0.09
08/30/2024 10:30,2519.5,2519.73,2516.95,2517.77,-173,-0.07
08/30/2024 10:15,2521.82,2521.82,2519.11,2519.48,-234,-0.09
08/30/2024 10:00,2523.88,2524.53,2521.6,2521.6,-228,-0.09
08/30/2024 09:45,2525.48,2525.48,2523.16,2524.12,-136,-0.05
08/30/2024 09:30,2524.11,2525.68,2523.86,2525.47,136,0.05
08/30/2024 09:15,2525.58,2525.58,2523.57,2524.13,-145,-0.06
08/30/2024 09:00,2522.89,2526.7,2522.72,2526.15,326,0.13
08/30/2024 08:45,2524.49,2524.73,2522.05,2522.86,-163,-0.06
08/30/2024 08:30,2525.57,2526.49,2523.7,2523.7,-187,-0.07
08/30/2024 08:15,2522.98,2525.97,2522.98,2525.74,276,0.11
08/30/2024 08:00,2519.24,2523.61,2519.24,2523.61,437,0.17
08/30/2024 07:45,2519.94,2520.84,2519.26,2519.49,-45,-0.02
08/30/2024 07:30,2520.06,2520.94,2518.72,2519.7,-36,-0.01
08/30/2024 07:15,2519.73,2520.43,2518.1,2519.83,10,0
08/30/2024 07:00,2517.71,2521.09,2517.71,2519.91,220,0.09
08/30/2024 06:45,2520.21,2520.4,2517.44,2517.9,-231,-0.09
08/30/2024 06:30,2522.43,2522.43,2519.17,2520.4,-203,-0.08
08/30/2024 06:15,2515.8,2522.95,2515.37,2522.23,643,0.25
08/30/2024 06:00,2513.44,2515.78,2513.24,2515.37,193,0.08
08/30/2024 05:45,2513.82,2514.77,2512.57,2513.68,-14,-0.01
08/30/2024 05:30,2513.81,2516,2513.63,2513.73,-8,0
08/30/2024 05:15,2513.78,2514.4,2513.31,2513.63,-15,-0.01
08/30/2024 05:00,2513.36,2514.35,2513.02,2513.88,52,0.02
08/30/2024 04:45,2513.36,2513.73,2512.4,2513.18,-18,-0.01
08/30/2024 04:30,2514.16,2514.36,2513.11,2513.24,-92,-0.04
08/30/2024 04:15,2513.4,2514.37,2512,2514.36,96,0.04
08/30/2024 04:00,2513.32,2514.05,2512.19,2513.31,-1,0
08/30/2024 03:45,2513.05,2513.75,2512.6,2513.56,51,0.02
08/30/2024 03:30,2513.99,2514.34,2512.32,2512.95,-104,-0.04
08/30/2024 03:15,2514.46,2514.92,2513.5,2513.9,-56,-0.02
08/30/2024 03:00,2515.58,2516.69,2514.43,2514.46,-112,-0.04
08/30/2024 02:45,2516.58,2516.8,2514.9,2515.88,-70,-0.03
08/30/2024 02:30,2515.34,2517.69,2515.34,2516.84,150,0.06
08/30/2024 02:15,2514.67,2516.25,2514.48,2515.9,123,0.05
08/30/2024 02:00,2515.62,2516.49,2514.49,2514.49,-113,-0.04
08/30/2024 01:45,2516.88,2517.95,2514.61,2515.75,-113,-0.04
08/30/2024 01:30,2518.82,2519.59,2517.36,2517.36,-146,-0.06
08/30/2024 01:15,2515.24,2519.13,2515.24,2518.97,373,0.15
08/30/2024 01:00,2517.82,2517.82,2515.14,2515.36,-246,-0.1
08/30/2024 00:45,2517.64,2517.74,2516.1,2517.74,10,0
08/30/2024 00:30,2518.71,2518.83,2517.14,2517.8,-91,-0.04
08/30/2024 00:15,2518.28,2519.02,2518.08,2518.78,50,0.02
08/30/2024 00:00,2519.17,2519.17,2518.08,2518.37,-80,-0.03
08/29/2024 23:45,2518.77,2519.6,2518.2,2519.37,60,0.02
08/29/2024 23:30,2520.11,2520.11,2518.71,2518.76,-135,-0.05
08/29/2024 23:15,2520.23,2520.58,2519,2519.94,-29,-0.01
08/29/2024 23:00,2520.69,2520.69,2519.1,2520.23,-46,-0.02
08/29/2024 22:45,2520.96,2521.09,2520,2520.93,-3,0
08/29/2024 22:30,2521.64,2521.64,2520.1,2520.97,-67,-0.03
08/29/2024 22:15,2520.75,2521.7,2520.2,2521.46,71,0.03
08/29/2024 22:00,2520.11,2521.08,2519.6,2520.6,49,0.02
08/29/2024 21:00,2521.04,2521.04,2521.04,2521.04,0,0
08/29/2024 20:45,2521.74,2522,2520.93,2521.04,-70,-0.03
08/29/2024 20:30,2521.03,2521.89,2520.1,2521.71,68,0.03
08/29/2024 20:15,2521.69,2521.69,2520.75,2521.35,-34,-0.01
08/29/2024 20:00,2521.39,2522.07,2521.09,2521.61,22,0.01
08/29/2024 19:45,2522.16,2522.25,2520.8,2521.09,-107,-0.04
08/29/2024 19:30,2522.76,2523.71,2521.98,2522.25,-51,-0.02
08/29/2024 19:15,2524.39,2524.52,2522.54,2523.02,-137,-0.05
08/29/2024 19:00,2522.86,2524.6,2521.2,2524.6,174,0.07
08/29/2024 18:45,2522.88,2523.36,2520.6,2523.36,48,0.02
08/29/2024 18:30,2524.72,2526.04,2522.32,2523.47,-125,-0.05
08/29/2024 18:15,2525.01,2525.69,2524.2,2525.18,17,0.01
08/29/2024 18:00,2525.71,2526.02,2523.6,2525.19,-52,-0.02
08/29/2024 17:45,2525.08,2526.03,2523.49,2526.03,95,0.04
08/29/2024 17:30,2527,2527.67,2525.42,2525.42,-158,-0.06
08/29/2024 17:15,2526.49,2528.48,2525.9,2526.67,18,0.01
08/29/2024 17:00,2525.47,2527.14,2525.25,2526.12,65,0.03
08/29/2024 16:45,2523.07,2526.17,2522.96,2525.18,211,0.08
08/29/2024 16:30,2523.25,2523.47,2521.7,2523.16,-9,0
08/29/2024 16:15,2520.02,2523.87,2519.5,2523.87,385,0.15
08/29/2024 16:00,2522.64,2522.85,2517.99,2520.51,-213,-0.08
08/29/2024 15:45,2520.85,2522.97,2520.85,2522.48,163,0.06
08/29/2024 15:30,2519.03,2521.84,2518.71,2521.84,281,0.11
08/29/2024 15:15,2523.45,2523.45,2519.03,2519.03,-442,-0.18
08/29/2024 15:00,2521.58,2525.06,2521.04,2523.65,207,0.08
08/29/2024 14:45,2519.6,2522.16,2519.56,2522.16,256,0.1
08/29/2024 14:30,2516.02,2520.68,2515,2519.25,323,0.13
08/29/2024 14:15,2519.72,2519.72,2514.5,2518.18,-154,-0.06
08/29/2024 14:00,2518.47,2520.56,2517.29,2520.26,179,0.07
08/29/2024 13:45,2514.54,2518.44,2513.32,2516.85,231,0.09
08/29/2024 13:30,2510.69,2514.33,2510.69,2513.9,321,0.13
08/29/2024 13:15,2511.26,2514.19,2510,2510.55,-71,-0.03
08/29/2024 13:00,2510.15,2511.38,2508.6,2510.92,77,0.03
08/29/2024 12:45,2505.76,2509.06,2503.94,2509.01,325,0.13
08/29/2024 12:30,2514.03,2515.63,2505.17,2505.19,-884,-0.35
08/29/2024 12:15,2517.17,2517.17,2514.82,2515.57,-160,-0.06
08/29/2024 12:00,2519.45,2519.76,2516.58,2516.64,-281,-0.11
08/29/2024 11:45,2521.89,2522.12,2519.01,2519.76,-213,-0.08
08/29/2024 11:30,2522.41,2522.58,2519.94,2521.77,-64,-0.03
08/29/2024 11:15,2522.4,2523.03,2521.86,2522.58,18,0.01
08/29/2024 11:00,2522.67,2523.01,2521.3,2522.52,-15,-0.01
08/29/2024 10:45,2521.99,2524.31,2521.69,2523.01,102,0.04
08/29/2024 10:30,2521.58,2522.55,2521.17,2521.79,21,0.01
08/29/2024 10:15,2522.58,2522.99,2521.3,2521.3,-128,-0.05
08/29/2024 10:00,2523.15,2523.69,2520.89,2523.31,16,0.01
08/29/2024 09:45,2518.52,2523.82,2517.7,2522.65,413,0.16
08/29/2024 09:30,2516.58,2519.57,2516.58,2518.08,150,0.06
08/29/2024 09:15,2517.82,2518.11,2515.4,2516.8,-102,-0.04
08/29/2024 09:00,2517.13,2518.2,2515.89,2518.2,107,0.04
08/29/2024 08:45,2516.67,2517.87,2515.62,2516.86,19,0.01
08/29/2024 08:30,2515.79,2517.55,2514.7,2516.43,64,0.03
08/29/2024 08:15,2517.99,2519.72,2515.05,2515.4,-259,-0.1
08/29/2024 08:00,2518.14,2518.22,2515.53,2517.95,-19,-0.01
08/29/2024 07:45,2515.64,2518.76,2515.32,2518.76,312,0.12
08/29/2024 07:30,2517.52,2517.66,2515.32,2515.6,-192,-0.08
08/29/2024 07:15,2516.9,2518.32,2516.71,2517.89,99,0.04
08/29/2024 07:00,2517.23,2517.75,2515.99,2516.87,-36,-0.01
08/29/2024 06:45,2516.65,2518.71,2516.65,2517.09,44,0.02
08/29/2024 06:30,2520.91,2520.91,2516.43,2517.31,-360,-0.14
08/29/2024 06:15,2519.09,2520.98,2519.09,2520.8,171,0.07
08/29/2024 06:00,2518.57,2519.82,2517.4,2519.26,69,0.03
08/29/2024 05:45,2517.69,2519.73,2516.99,2518.94,125,0.05
08/29/2024 05:30,2517.16,2518.17,2516.73,2517.74,58,0.02
08/29/2024 05:15,2514.75,2516.8,2514.61,2516.66,191,0.08
08/29/2024 05:00,2515.7,2515.7,2513.87,2514.43,-127,-0.05
08/29/2024 04:45,2517.92,2517.92,2515.46,2516.49,-143,-0.06
08/29/2024 04:30,2517.36,2518.01,2516.4,2517.85,49,0.02
08/29/2024 04:15,2516.15,2517.53,2516.15,2517.39,124,0.05
08/29/2024 04:00,2516.71,2517.68,2516.31,2516.81,10,0
08/29/2024 03:45,2515.24,2516.74,2513.6,2516.74,150,0.06
08/29/2024 03:30,2514.76,2516.19,2514.65,2515.37,61,0.02
08/29/2024 03:15,2512.76,2514.86,2512.56,2514.65,189,0.08
08/29/2024 03:00,2512.74,2513.99,2512.5,2513.21,47,0.02
08/29/2024 02:45,2514.59,2514.68,2512.88,2512.99,-160,-0.06
08/29/2024 02:30,2513.38,2514.95,2512.74,2514.54,116,0.05
08/29/2024 02:15,2513.57,2513.61,2512.37,2512.74,-83,-0.03
08/29/2024 02:00,2513.21,2513.96,2511.65,2513.57,36,0.01
08/29/2024 01:45,2512.36,2513.97,2512.36,2512.98,62,0.02
08/29/2024 01:30,2512.34,2513.9,2511.7,2512.66,32,0.01
08/29/2024 01:15,2513.08,2513.08,2512,2512.3,-78,-0.03
08/29/2024 01:00,2512.38,2514.11,2512.08,2512.87,49,0.02
08/29/2024 00:45,2512.69,2513.24,2511.82,2512.08,-61,-0.02
08/29/2024 00:30,2514.53,2514.53,2512.36,2513.24,-129,-0.05
08/29/2024 00:15,2510.35,2514.83,2509.9,2513.85,350,0.14
08/29/2024 00:00,2507.95,2510.21,2507.63,2510.08,213,0.08
08/28/2024 23:45,2507.47,2507.84,2506.5,2507.84,37,0.01
08/28/2024 23:30,2507.32,2507.54,2505.4,2507.2,-12,0
08/28/2024 23:15,2507.35,2507.38,2507.06,2507.28,-7,0
08/28/2024 23:00,2507.19,2507.67,2505.6,2507.29,10,0
08/28/2024 22:45,2506.55,2507.2,2505.84,2507.05,50,0.02
08/28/2024 22:30,2507.45,2508.59,2506.69,2506.83,-62,-0.02
08/28/2024 22:15,2505.36,2507.4,2504.86,2507.4,204,0.08
08/28/2024 22:00,2494.1,2505.4,2494.1,2505.28,1118,0.45
08/28/2024 21:00,2504.21,2504.21,2504.21,2504.21,0,0
08/28/2024 20:45,2504.03,2505.27,2504.01,2504.21,18,0.01
08/28/2024 20:30,2506.26,2506.35,2502.8,2504.28,-198,-0.08
08/28/2024 20:15,2507.75,2508.34,2506.59,2506.98,-77,-0.03
08/28/2024 20:00,2507.72,2508.25,2507.26,2507.72,0,0
08/28/2024 19:45,2507.91,2508.65,2506.4,2507.53,-38,-0.02
08/28/2024 19:30,2508.85,2509,2507.02,2507.87,-98,-0.04
08/28/2024 19:15,2507.4,2509.5,2507.33,2508.67,127,0.05
08/28/2024 19:00,2507.9,2508.83,2506.4,2507.33,-57,-0.02
08/28/2024 18:45,2506.62,2508.04,2506.34,2507.95,133,0.05
08/28/2024 18:30,2504.42,2506.91,2503.71,2506.49,207,0.08
08/28/2024 18:15,2504.25,2504.72,2503.61,2504.01,-24,-0.01
08/28/2024 18:00,2504.83,2505.74,2503.9,2504.72,-11,0
08/28/2024 17:45,2505.92,2505.99,2504.53,2505.13,-79,-0.03
08/28/2024 17:30,2503.48,2506.04,2502.41,2505.99,251,0.1
08/28/2024 17:15,2501.37,2503.51,2500.58,2503.51,214,0.09
08/28/2024 17:00,2501.13,2503.09,2500.62,2501.49,36,0.01
08/28/2024 16:45,2502.35,2503.42,2501.1,2501.93,-42,-0.02
08/28/2024 16:30,2499.05,2503.76,2497.81,2503.16,411,0.16
08/28/2024 16:15,2504.01,2504.54,2496.44,2498.8,-521,-0.21
08/28/2024 16:00,2506.28,2506.32,2504.31,2504.31,-197,-0.08
08/28/2024 15:45,2507.8,2510.05,2504.8,2506.11,-169,-0.07
08/28/2024 15:30,2507.22,2509.03,2506.78,2508.2,98,0.04
08/28/2024 15:15,2507.13,2508.07,2505.41,2507.32,19,0.01
08/28/2024 15:00,2507.17,2507.65,2505.27,2506.85,-32,-0.01
08/28/2024 14:45,2504.97,2507.8,2504.72,2507.65,268,0.11
08/28/2024 14:30,2506.68,2508.47,2504.89,2505.06,-162,-0.06
08/28/2024 14:15,2507.1,2508.76,2505.16,2505.69,-141,-0.06
08/28/2024 14:00,2505.43,2507.88,2504.19,2506.86,143,0.06
08/28/2024 13:45,2504.72,2506.33,2502.1,2506.1,138,0.06
08/28/2024 13:30,2505.88,2508.7,2500.33,2503.8,-208,-0.08
08/28/2024 13:15,2505.69,2508.71,2503.42,2508.71,302,0.12
08/28/2024 13:00,2500.55,2506.48,2500.21,2505.73,518,0.21
08/28/2024 12:45,2497.43,2500.55,2496.11,2500.49,306,0.12
08/28/2024 12:30,2495.05,2496.91,2494.04,2496.12,107,0.04
08/28/2024 12:15,2499.16,2499.69,2496.43,2498.65,-51,-0.02
08/28/2024 12:00,2501.1,2501.1,2498.43,2498.67,-243,-0.1
08/28/2024 11:45,2501.97,2503.81,2500.8,2500.88,-109,-0.04
08/28/2024 11:30,2503.96,2504.24,2501.99,2502.59,-137,-0.05
08/28/2024 11:15,2504.09,2505.21,2503.32,2504.39,30,0.01
08/28/2024 11:00,2505.06,2505.59,2501.8,2504.34,-72,-0.03
08/28/2024 10:45,2504.88,2506.07,2502.85,2505.6,72,0.03
08/28/2024 10:30,2506.89,2507.03,2503.8,2505.03,-186,-0.07
08/28/2024 10:15,2507.02,2508.06,2506.54,2506.84,-18,-0.01
08/28/2024 10:00,2510.27,2510.27,2506.87,2507.08,-319,-0.13
08/28/2024 09:45,2510.43,2511.02,2509.86,2510.05,-38,-0.02
08/28/2024 09:30,2509.71,2511.28,2509.54,2510.15,44,0.02
08/28/2024 09:15,2508.87,2509.99,2508.06,2509.91,104,0.04
08/28/2024 09:00,2508.15,2509.69,2507.8,2508.93,78,0.03
08/28/2024 08:45,2506.43,2508.18,2506.43,2507.95,152,0.06
08/28/2024 08:30,2506.99,2507.68,2506.29,2506.29,-70,-0.03
08/28/2024 08:15,2507.61,2508.33,2506.79,2506.86,-75,-0.03
08/28/2024 08:00,2508.42,2510.37,2506.04,2507.48,-94,-0.04
08/28/2024 07:45,2509.12,2510.74,2509.12,2510.37,125,0.05
08/28/2024 07:30,2509.08,2511.08,2508.54,2509.75,67,0.03
08/28/2024 07:15,2508.86,2509.67,2507.48,2508.84,-2,0
08/28/2024 07:00,2507.85,2510.74,2507.85,2508.96,111,0.04
08/28/2024 06:45,2505.8,2508.61,2504.79,2508.49,269,0.11
08/28/2024 06:30,2508.59,2508.59,2505.44,2505.54,-305,-0.12
08/28/2024 06:15,2506.56,2508.63,2506.48,2508.63,207,0.08
08/28/2024 06:00,2505.19,2507.4,2503.89,2506.32,113,0.05
08/28/2024 05:45,2507.07,2507.48,2505.67,2505.81,-126,-0.05
08/28/2024 05:30,2508.33,2509.81,2507.06,2507.57,-76,-0.03
08/28/2024 05:15,2509.11,2509.44,2508.57,2508.7,-41,-0.02
08/28/2024 05:00,2511.4,2511.52,2508.49,2509.48,-192,-0.08
08/28/2024 04:45,2511.13,2511.82,2510.34,2511.28,15,0.01
08/28/2024 04:30,2513.82,2514.11,2511.17,2511.17,-265,-0.11
08/28/2024 04:15,2513.94,2514.73,2513.13,2513.9,-4,0
08/28/2024 04:00,2516.07,2516.07,2513.94,2514.32,-175,-0.07
08/28/2024 03:45,2515.5,2516.77,2515.36,2515.94,44,0.02
08/28/2024 03:30,2515.06,2516.59,2514.48,2515.94,88,0.03
08/28/2024 03:15,2513.66,2515.46,2513.19,2514.75,109,0.04
08/28/2024 03:00,2516.13,2516.27,2513.48,2514.19,-194,-0.08
08/28/2024 02:45,2517.52,2517.72,2516.31,2516.42,-110,-0.04
08/28/2024 02:30,2515.89,2517.47,2514.13,2516.56,67,0.03
08/28/2024 02:15,2516.25,2516.9,2515.62,2515.8,-45,-0.02
08/28/2024 02:00,2516.91,2518.17,2516.58,2517.07,16,0.01
08/28/2024 01:45,2519.42,2519.9,2516.76,2517.3,-212,-0.08
08/28/2024 01:30,2520.51,2521.03,2519.29,2519.73,-78,-0.03
08/28/2024 01:15,2521.2,2521.97,2520.31,2520.53,-67,-0.03
08/28/2024 01:00,2524.27,2524.27,2520.62,2521.33,-294,-0.12
08/28/2024 00:45,2524.73,2524.83,2523.83,2524.15,-58,-0.02
08/28/2024 00:30,2525.05,2525.59,2523.8,2524.78,-27,-0.01
08/28/2024 00:15,2524.78,2525.09,2524.05,2524.49,-29,-0.01
08/28/2024 00:00,2525.36,2525.45,2524.12,2524.58,-78,-0.03
08/27/2024 23:45,2525.42,2526.65,2525.07,2525.07,-35,-0.01
08/27/2024 23:30,2526.46,2527.08,2524.19,2525.13,-133,-0.05
08/27/2024 23:15,2526.98,2527.93,2526.1,2526.63,-35,-0.01
08/27/2024 23:00,2525.26,2528.82,2525.23,2526.95,169,0.07
08/27/2024 22:45,2525.68,2525.88,2525.11,2525.45,-23,-0.01
08/27/2024 22:30,2525.17,2525.75,2525.17,2525.62,45,0.02
08/27/2024 22:15,2525.03,2525.23,2524.62,2525.13,10,0
08/27/2024 22:00,2525.06,2525.41,2524.2,2525.03,-3,0
08/27/2024 21:00,2524.42,2524.47,2524.42,2524.47,5,0
08/27/2024 20:45,2524.75,2524.88,2523.95,2524.42,-33,-0.01
08/27/2024 20:30,2524.47,2525.39,2524.08,2524.69,22,0.01
08/27/2024 20:15,2524.79,2525.62,2524,2524.56,-23,-0.01
08/27/2024 20:00,2525.22,2525.22,2523.72,2524.88,-34,-0.01
08/27/2024 19:45,2524.19,2525.48,2524.19,2525.02,83,0.03
08/27/2024 19:30,2523.94,2524.53,2523.37,2524.53,59,0.02
08/27/2024 19:15,2524.69,2524.69,2523.06,2523.57,-112,-0.04
08/27/2024 19:00,2524.56,2525.04,2523.6,2524.25,-31,-0.01
08/27/2024 18:45,2524.14,2525.71,2524.14,2525.1,96,0.04
08/27/2024 18:30,2523.71,2524.82,2522.59,2524.14,43,0.02
08/27/2024 18:15,2520.62,2524.46,2520.62,2523.75,313,0.12
08/27/2024 18:00,2519.85,2521.31,2519.3,2520.75,90,0.04
08/27/2024 17:45,2519.54,2520.48,2518.9,2519.99,45,0.02
08/27/2024 17:30,2518.53,2520.99,2517.87,2520.09,156,0.06
08/27/2024 17:15,2515.82,2518.05,2515.68,2517.57,175,0.07
08/27/2024 17:00,2514.44,2516.23,2514.09,2516.23,179,0.07
08/27/2024 16:45,2513.15,2514.18,2512.1,2514.18,103,0.04
08/27/2024 16:30,2512.89,2513.72,2512.26,2513.25,36,0.01
08/27/2024 16:15,2511.3,2512.8,2511.3,2512.8,150,0.06
08/27/2024 16:00,2511.29,2512.35,2510.18,2512.07,78,0.03
08/27/2024 15:45,2513,2513,2511.68,2512.16,-84,-0.03
08/27/2024 15:30,2516.06,2516.06,2511.8,2512.52,-354,-0.14
08/27/2024 15:15,2515.87,2520.16,2514.05,2516.02,15,0.01
08/27/2024 15:00,2514.42,2516.44,2513.66,2515.65,123,0.05
08/27/2024 14:45,2516.42,2517.54,2514.45,2514.66,-176,-0.07
08/27/2024 14:30,2515.43,2517.02,2514.39,2516.23,80,0.03
08/27/2024 14:15,2516.47,2517.73,2515.06,2515.97,-50,-0.02
08/27/2024 14:00,2512.05,2516.23,2508.79,2515.14,309,0.12
08/27/2024 13:45,2511.45,2514.41,2510,2512.48,103,0.04
08/27/2024 13:30,2506.33,2512.91,2505.41,2510.67,434,0.17
08/27/2024 13:15,2507.29,2508.7,2504.02,2505.97,-132,-0.05
08/27/2024 13:00,2509.87,2511.13,2507.32,2507.32,-255,-0.1
08/27/2024 12:45,2508.68,2511.75,2508.11,2509.62,94,0.04
08/27/2024 12:30,2510.41,2510.97,2507.74,2508.52,-189,-0.08
08/27/2024 12:15,2512.84,2512.84,2510.3,2511.03,-181,-0.07
08/27/2024 12:00,2511.63,2514.01,2510.98,2512.88,125,0.05
08/27/2024 11:45,2511.36,2512.18,2510.71,2511.49,13,0.01
08/27/2024 11:30,2512,2512.13,2510.25,2511.14,-86,-0.03
08/27/2024 11:15,2510.06,2512.21,2509.11,2511.47,141,0.06
08/27/2024 11:00,2509.08,2510.45,2508.69,2509.96,88,0.04
08/27/2024 10:45,2508.89,2510.22,2508.79,2508.92,3,0
08/27/2024 10:30,2507.96,2509,2506.85,2508.94,98,0.04
08/27/2024 10:15,2508.63,2510.13,2507.72,2508.06,-57,-0.02
08/27/2024 10:00,2508.42,2509.84,2507.11,2509.13,71,0.03
08/27/2024 09:45,2509.97,2510.37,2508.2,2508.52,-145,-0.06
08/27/2024 09:30,2511.71,2511.99,2509.45,2509.45,-226,-0.09
08/27/2024 09:15,2512.6,2513.46,2510.3,2511.56,-104,-0.04
08/27/2024 09:00,2510.59,2513.35,2510.51,2513.02,243,0.1
08/27/2024 08:45,2510.83,2512.01,2509.33,2510.77,-6,0
08/27/2024 08:30,2511.09,2512.02,2510.16,2511.19,10,0
08/27/2024 08:15,2509.22,2512.35,2509.22,2511.24,202,0.08
08/27/2024 08:00,2504.01,2509.63,2504.01,2509.11,510,0.2
08/27/2024 07:45,2508.85,2509.16,2505.67,2505.67,-318,-0.13
08/27/2024 07:30,2510.98,2512.11,2507.76,2508.67,-231,-0.09
08/27/2024 07:15,2514.68,2515.34,2510.59,2510.59,-409,-0.16
08/27/2024 07:00,2515.22,2517.37,2514.56,2514.59,-63,-0.03
08/27/2024 06:45,2513.57,2515.3,2513.41,2515.23,166,0.07
08/27/2024 06:30,2517.07,2517.13,2513.25,2513.5,-357,-0.14
08/27/2024 06:15,2515.75,2516.56,2513.71,2516.56,81,0.03
08/27/2024 06:00,2513.21,2516.52,2513.16,2515.87,266,0.11
08/27/2024 05:45,2511.5,2513.47,2511.33,2513.47,197,0.08
08/27/2024 05:30,2510.5,2511.84,2510.29,2511.33,83,0.03
08/27/2024 05:15,2508.89,2510.55,2508.37,2510.33,144,0.06
08/27/2024 05:00,2507.19,2509.28,2506.69,2508.54,135,0.05
08/27/2024 04:45,2506.62,2507.38,2506.51,2507.26,64,0.03
08/27/2024 04:30,2506.84,2507.97,2506.56,2506.56,-28,-0.01
08/27/2024 04:15,2507.66,2508.75,2506.93,2506.93,-73,-0.03
08/27/2024 04:00,2508.85,2509.16,2507.5,2508.19,-66,-0.03
08/27/2024 03:45,2507.42,2509,2505.77,2509,158,0.06
08/27/2024 03:30,2507.8,2508.02,2506.2,2507.31,-49,-0.02
08/27/2024 03:15,2507.78,2508.05,2506.9,2507.67,-11,0
08/27/2024 03:00,2508.84,2508.91,2507.15,2508.46,-38,-0.02
08/27/2024 02:45,2506.37,2509.38,2506.37,2508.66,229,0.09
08/27/2024 02:30,2506.65,2508.19,2506.15,2506.94,29,0.01
08/27/2024 02:15,2506.08,2507.45,2506.08,2506.76,68,0.03
08/27/2024 02:00,2509.45,2509.74,2505.8,2506.5,-295,-0.12
08/27/2024 01:45,2511.17,2511.27,2508.34,2509.52,-165,-0.07
08/27/2024 01:30,2512.19,2512.59,2511.29,2511.78,-41,-0.02
08/27/2024 01:15,2510.09,2513.14,2510.09,2513.11,302,0.12
08/27/2024 01:00,2512.68,2513.98,2509.86,2510.77,-191,-0.08
08/27/2024 00:45,2514.09,2514.21,2513.02,2513.09,-100,-0.04
08/27/2024 00:30,2516.28,2516.28,2514.06,2514.19,-209,-0.08
08/27/2024 00:15,2514.67,2516.53,2514.67,2515.93,126,0.05
08/27/2024 00:00,2515.45,2516.03,2514.82,2514.84,-61,-0.02
08/26/2024 23:45,2516.2,2516.65,2515.58,2515.58,-62,-0.02
08/26/2024 23:30,2517.34,2517.34,2516.06,2516.13,-121,-0.05
08/26/2024 23:15,2517.41,2517.46,2516.3,2517.29,-12,0
08/26/2024 23:00,2517.13,2517.42,2516.9,2517.42,29,0.01
08/26/2024 22:45,2517.05,2517.22,2516.99,2517.21,16,0.01
08/26/2024 22:30,2517.3,2517.55,2517.03,2517.12,-18,-0.01
08/26/2024 22:15,2517.49,2517.63,2515.8,2517.3,-19,-0.01
08/26/2024 22:00,2517.76,2517.76,2516.1,2517.47,-29,-0.01
08/26/2024 21:00,2517.93,2517.95,2517.93,2517.95,2,0
08/26/2024 20:45,2518.04,2518.17,2517.74,2517.93,-11,0
08/26/2024 20:30,2518.72,2518.88,2517.81,2517.93,-79,-0.03
08/26/2024 20:15,2518.38,2518.64,2517.3,2518.64,26,0.01
08/26/2024 20:00,2518.24,2518.7,2517.39,2518.39,15,0.01
08/26/2024 19:45,2519.39,2520.26,2517.62,2518.16,-123,-0.05
08/26/2024 19:30,2519.35,2520.85,2518.9,2519.5,15,0.01
08/26/2024 19:15,2520.08,2520.67,2519.36,2519.67,-41,-0.02
08/26/2024 19:00,2517.18,2520.67,2516.76,2519.99,281,0.11
08/26/2024 18:45,2516.53,2516.98,2515.95,2516.82,29,0.01
08/26/2024 18:30,2516.21,2516.49,2515.61,2516.49,28,0.01
08/26/2024 18:15,2518.35,2518.37,2516.45,2516.45,-190,-0.08
08/26/2024 18:00,2518.3,2519.38,2517.75,2518.5,20,0.01
08/26/2024 17:45,2518.36,2518.36,2516.65,2518.07,-29,-0.01
08/26/2024 17:30,2519.55,2519.55,2517.75,2518.34,-121,-0.05
08/26/2024 17:15,2521.75,2521.87,2518.3,2519.19,-256,-0.1
08/26/2024 17:00,2520.18,2523,2520.18,2521.75,157,0.06
08/26/2024 16:45,2516.75,2520.24,2516.73,2519.89,314,0.12
08/26/2024 16:30,2514.76,2517.07,2514.67,2516.33,157,0.06
08/26/2024 16:15,2514.21,2515.87,2514.15,2515.28,107,0.04
08/26/2024 16:00,2515.66,2516.67,2513.56,2513.87,-179,-0.07
08/26/2024 15:45,2514.38,2517.16,2514.11,2515.66,128,0.05
08/26/2024 15:30,2511.78,2514.89,2511.67,2514.05,227,0.09
08/26/2024 15:15,2513.79,2513.79,2511.63,2512.06,-173,-0.07
08/26/2024 15:00,2516.02,2516.36,2512.45,2513.92,-210,-0.08
08/26/2024 14:45,2517.94,2518.74,2515.9,2516.7,-124,-0.05
08/26/2024 14:30,2516.98,2518.45,2515.91,2517.24,26,0.01
08/26/2024 14:15,2515.36,2517.46,2514.75,2516.71,135,0.05
08/26/2024 14:00,2515.53,2517.61,2510.55,2514.75,-78,-0.03
08/26/2024 13:45,2523.21,2523.21,2515.56,2515.9,-731,-0.29
08/26/2024 13:30,2525.83,2526.26,2522.91,2522.91,-292,-0.12
08/26/2024 13:15,2525.03,2526,2523.2,2525.42,39,0.02
08/26/2024 13:00,2522.95,2526.05,2521.36,2525.41,246,0.1
08/26/2024 12:45,2525.63,2525.98,2523.76,2523.9,-173,-0.07
08/26/2024 12:30,2524.48,2526.1,2523.06,2525.5,102,0.04
08/26/2024 12:15,2526.5,2526.52,2523.48,2524.15,-235,-0.09
08/26/2024 12:00,2526.21,2526.53,2525.17,2526.05,-16,-0.01
08/26/2024 11:45,2523.55,2526.52,2523.11,2526.52,297,0.12
08/26/2024 11:30,2521.37,2523.2,2521,2523.2,183,0.07
08/26/2024 11:15,2523.5,2524.77,2521.25,2521.36,-214,-0.08
08/26/2024 11:00,2524.86,2525.06,2523.66,2524.4,-46,-0.02
08/26/2024 10:45,2523.89,2525.3,2522.95,2525.28,139,0.06
08/26/2024 10:30,2525.26,2525.26,2522.57,2523.62,-164,-0.06
08/26/2024 10:15,2523.72,2526.54,2523.7,2525.13,141,0.06
08/26/2024 10:00,2525.03,2525.16,2522.84,2523.81,-122,-0.05
08/26/2024 09:45,2525.05,2525.33,2523.88,2524.98,-7,0
08/26/2024 09:30,2524.97,2525.28,2524.25,2524.62,-35,-0.01
08/26/2024 09:15,2524.71,2525.41,2522.6,2525.1,39,0.02
08/26/2024 09:00,2524.61,2525.1,2523.47,2525.1,49,0.02
08/26/2024 08:45,2524.16,2525.51,2523.9,2524.17,1,0
08/26/2024 08:30,2524.07,2525.12,2522.58,2525.12,105,0.04
08/26/2024 08:15,2524.17,2524.17,2522.61,2523.58,-59,-0.02
08/26/2024 08:00,2521.15,2524.32,2520.97,2524.1,295,0.12
08/26/2024 07:45,2520.82,2521.33,2519.24,2521.33,51,0.02
08/26/2024 07:30,2518.07,2521.45,2517.95,2520.45,238,0.09
08/26/2024 07:15,2517.03,2518.74,2515.71,2518.06,103,0.04
08/26/2024 07:00,2514.89,2517.51,2514.32,2517.51,262,0.1
08/26/2024 06:45,2513.83,2515.1,2513.51,2514.9,107,0.04
08/26/2024 06:30,2513.23,2514.38,2511.42,2513.51,28,0.01
08/26/2024 06:15,2510.63,2513.54,2509.95,2513.54,291,0.12
08/26/2024 06:00,2510.66,2510.96,2509.77,2509.95,-71,-0.03
08/26/2024 05:45,2510.6,2510.78,2509.61,2510.36,-24,-0.01
08/26/2024 05:30,2510.39,2510.9,2509.06,2510.71,32,0.01
08/26/2024 05:15,2510.14,2511.07,2509.85,2510.09,-5,0
08/26/2024 05:00,2509.16,2510.61,2508.77,2510.31,115,0.05
08/26/2024 04:45,2509.33,2509.99,2508.86,2509.52,19,0.01
08/26/2024 04:30,2510.17,2510.39,2508.6,2509.38,-79,-0.03
08/26/2024 04:15,2510.02,2510.72,2509.75,2510.39,37,0.01
08/26/2024 04:00,2509.9,2510.65,2509.73,2510.46,56,0.02
08/26/2024 03:45,2511.04,2511.38,2508.6,2509.91,-113,-0.05
08/26/2024 03:30,2511.5,2511.5,2509.76,2511.03,-47,-0.02
08/26/2024 03:15,2511.06,2511.87,2510.77,2511.62,56,0.02
08/26/2024 03:00,2512.16,2512.76,2510.65,2510.89,-127,-0.05
08/26/2024 02:45,2512.69,2513.45,2511.87,2511.87,-82,-0.03
08/26/2024 02:30,2514.28,2514.69,2512.79,2513.02,-126,-0.05
08/26/2024 02:15,2514.56,2515.14,2513.98,2514.82,26,0.01
08/26/2024 02:00,2513.24,2514.78,2512.99,2514.52,128,0.05
08/26/2024 01:45,2511.91,2513.57,2511.53,2513.26,135,0.05
08/26/2024 01:30,2513.74,2514.15,2510.75,2511.5,-224,-0.09
08/26/2024 01:15,2513,2515.19,2513,2513.99,99,0.04
08/26/2024 01:00,2513.45,2515.19,2512.4,2513.6,15,0.01
08/26/2024 00:45,2514.88,2515.17,2512.49,2513.66,-122,-0.05
08/26/2024 00:30,2516.12,2516.45,2513.7,2515.18,-94,-0.04
08/26/2024 00:15,2514.85,2516.12,2514.21,2515.95,110,0.04
08/26/2024 00:00,2515.46,2515.85,2514.41,2514.44,-102,-0.04
08/25/2024 23:45,2514.5,2515.83,2513.1,2515.72,122,0.05
08/25/2024 23:30,2515.81,2515.81,2512.7,2514.32,-149,-0.06
08/25/2024 23:15,2513.8,2516.29,2513.8,2515.67,187,0.07
08/25/2024 23:00,2513.22,2515.61,2512.97,2515.2,198,0.08
08/25/2024 22:45,2513.07,2513.36,2511,2513.02,-5,0
08/25/2024 22:30,2512.2,2513.15,2510.4,2513.08,88,0.04
08/25/2024 22:15,2513.98,2514.08,2511.1,2512.5,-148,-0.06
08/23/2024 20:45,2510.66,2512.22,2510.33,2512.01,135,0.05
08/23/2024 20:30,2510.73,2512.14,2510.63,2510.87,14,0.01
08/23/2024 20:15,2510.91,2511.29,2510.63,2510.81,-10,0
08/23/2024 20:00,2510.3,2510.92,2509.49,2510.91,61,0.02
08/23/2024 19:45,2510.1,2511.49,2509.55,2510.9,80,0.03
08/23/2024 19:30,2511.48,2511.48,2509.98,2510.05,-143,-0.06
08/23/2024 19:15,2511.5,2512.47,2509.9,2511.39,-11,0
08/23/2024 19:00,2509.7,2511.77,2508.07,2511.43,173,0.07
08/23/2024 18:45,2510.19,2511.09,2509.52,2509.52,-67,-0.03
08/23/2024 18:30,2511.02,2511.02,2509.78,2510.12,-90,-0.04
08/23/2024 18:15,2510.62,2511.92,2509.51,2510.73,11,0
08/23/2024 18:00,2510.58,2511.12,2509.21,2509.78,-80,-0.03
08/23/2024 17:45,2513.15,2513.15,2509.7,2510.96,-219,-0.09
08/23/2024 17:30,2510.3,2512.84,2510.17,2512.45,215,0.09
08/23/2024 17:15,2511.26,2511.88,2510.26,2511.3,4,0
08/23/2024 17:00,2509.94,2511.78,2509.75,2510.84,90,0.04
08/23/2024 16:45,2503.57,2510.09,2503.54,2509.81,624,0.25
08/23/2024 16:30,2507.47,2509.97,2502.78,2502.94,-453,-0.18
08/23/2024 16:15,2506.85,2507.97,2505.67,2507.29,44,0.02
08/23/2024 16:00,2509.91,2509.91,2505.76,2506.81,-310,-0.12
08/23/2024 15:45,2515.31,2515.31,2509.1,2509.91,-540,-0.22
08/23/2024 15:30,2516.02,2517.2,2514.69,2515.84,-18,-0.01
08/23/2024 15:15,2515.84,2518.1,2513.8,2517.16,132,0.05
08/23/2024 15:00,2508.36,2516.23,2508.17,2516.12,776,0.31
08/23/2024 14:45,2511.26,2511.92,2504.12,2508.98,-228,-0.09
08/23/2024 14:30,2514.21,2516.14,2508.88,2510.42,-379,-0.15
08/23/2024 14:15,2516.26,2517.57,2503.61,2514.37,-189,-0.08
08/23/2024 14:00,2497.9,2517.36,2497.9,2517.18,1928,0.77
08/23/2024 13:45,2496.4,2498.56,2494.63,2498.29,189,0.08
08/23/2024 13:30,2499.54,2500.91,2495.14,2496.64,-290,-0.12
08/23/2024 13:15,2500.62,2503.73,2499.32,2500.91,29,0.01
08/23/2024 13:00,2500.77,2501.66,2499.01,2501.11,34,0.01
08/23/2024 12:45,2500.87,2501.79,2500.51,2501.28,41,0.02
08/23/2024 12:30,2500.31,2501.3,2499.06,2500.54,23,0.01
08/23/2024 12:15,2500.52,2501.12,2498.86,2500.25,-27,-0.01
08/23/2024 12:00,2501.41,2502.18,2500.2,2500.2,-121,-0.05
08/23/2024 11:45,2499.31,2502.34,2499.04,2501.62,231,0.09
08/23/2024 11:30,2499.49,2499.81,2497.96,2499.37,-12,0
08/23/2024 11:15,2499.28,2499.96,2498.51,2499.96,68,0.03
08/23/2024 11:00,2498.93,2499.82,2497.46,2499.57,64,0.03
08/23/2024 10:45,2498.22,2499.02,2497.25,2498.74,52,0.02
08/23/2024 10:30,2496.69,2498.02,2495.71,2498.02,133,0.05
08/23/2024 10:15,2496.47,2498.29,2496.25,2496.25,-22,-0.01
08/23/2024 10:00,2498.6,2498.78,2496.36,2497.5,-110,-0.04
08/23/2024 09:45,2499.92,2500.42,2498.1,2498.83,-109,-0.04
08/23/2024 09:30,2501.06,2501.6,2499.9,2499.99,-107,-0.04
08/23/2024 09:15,2499.74,2501.3,2499.74,2501.06,132,0.05
08/23/2024 09:00,2498.79,2499.48,2496.93,2499.25,46,0.02
08/23/2024 08:45,2498.1,2499.73,2497.99,2498.88,78,0.03
08/23/2024 08:30,2496.55,2498.11,2496.46,2497.84,129,0.05
08/23/2024 08:15,2495.51,2497.19,2494.97,2496.46,95,0.04
08/23/2024 08:00,2493.13,2496.01,2493.13,2495.6,247,0.1
08/23/2024 07:45,2492.51,2493.74,2491.88,2493.43,92,0.04
08/23/2024 07:30,2492.58,2493.82,2491.8,2492.45,-13,-0.01
08/23/2024 07:15,2493.01,2493.45,2491.8,2491.8,-121,-0.05
08/23/2024 07:00,2492.52,2493.46,2492.13,2493.45,93,0.04
08/23/2024 06:45,2492.59,2493.71,2492.59,2492.91,32,0.01
08/23/2024 06:30,2493.63,2494.46,2491.65,2493.02,-61,-0.02
08/23/2024 06:15,2492.2,2494.46,2490.9,2494.46,226,0.09
08/23/2024 06:00,2491.42,2492.75,2490.46,2492.14,72,0.03
08/23/2024 05:45,2492.92,2493.58,2491.13,2491.94,-98,-0.04
08/23/2024 05:30,2494.85,2495.55,2492.31,2492.63,-222,-0.09
08/23/2024 05:15,2494.41,2495.54,2494.29,2494.74,33,0.01
08/23/2024 05:00,2493.34,2495.04,2493.34,2494.43,109,0.04
08/23/2024 04:45,2492.98,2493.58,2492.96,2493.38,40,0.02
08/23/2024 04:30,2492.79,2493.46,2492.5,2493.14,35,0.01
08/23/2024 04:15,2493.06,2493.69,2491.7,2492.8,-26,-0.01
